Date,Open,High,Low,Close,Volume
2017-02-24,25.95709419250488,25.95709419250488,15.979600799534348,25.957094192504883,92383
2017-03-01,22.1375617980957,25.957091880295707,20.26678215650255,22.137561798095703,76747
2017-03-02,22.21553611755371,22.60530412644725,21.825769732206474,22.21553611755371,14245
2017-03-03,22.21553611755371,22.21553611755371,22.21553611755371,22.21553611755371,4368
2017-03-06,21.51396942138672,22.4493592550517,21.51396942138672,21.51396942138672,12394
2017-03-07,21.825767517089847,22.449360225302527,21.334706503972125,21.825767517089844,15105
2017-03-08,22.21553611755371,22.293506928923268,21.825769732206474,22.21553611755371,6584
2017-03-09,21.825767517089847,21.825767517089847,21.825767517089847,21.825767517089844,3276
2017-03-10,22.527332305908203,22.527332305908203,21.90373793879574,22.527332305908203,8505
2017-03-13,22.527332305908203,22.605303113784856,22.527332305908203,22.527332305908203,19874
2017-03-14,23.384750366210938,23.875811384931584,21.903736946918123,23.384750366210938,60664
2017-03-15,23.774518966674805,23.774518966674805,23.228895417764445,23.774518966674805,11642
2017-03-16,22.683273315429688,23.774520482842277,22.605304127602455,22.683273315429688,18565
2017-03-17,22.683273315429688,22.683273315429688,22.683273315429688,22.683273315429688,4117
2017-03-20,23.384750366210938,23.774518339993772,22.605302090137922,23.384750366210938,12315
2017-03-21,23.774518966674805,23.774518966674805,22.605302685999167,23.774518966674805,7753
2017-03-22,23.057376861572266,23.384750332397275,22.683271238138282,23.057376861572266,6651
2017-03-23,22.613048553466797,23.384750908711933,22.60530261455656,22.613048553466797,8094
2017-03-24,22.605302810668945,22.605302810668945,22.605302810668945,22.605302810668945,6906
2017-03-27,23.384750366210938,23.384750366210938,22.21553411635509,23.384750366210938,7009
2017-03-28,22.605302810668945,23.384751111586425,22.605302810668945,22.605302810668945,4995
2017-03-29,22.605302810668945,23.540692725248704,22.605302810668945,22.605302810668945,17249
2017-03-30,23.384750366210938,23.384750366210938,22.605302090137922,23.384750366210938,13521
2017-03-31,23.774518966674805,23.774518966674805,22.61304862493388,23.774518966674805,20353
2017-04-05,25.333499908447262,25.567326264016415,22.995067503961973,25.333499908447266,152370
2017-04-06,25.247785568237305,26.24548396172581,24.631938758192938,25.247785568237305,193447
2017-04-07,24.943735122680664,25.48944309326611,24.554053188520204,24.943735122680664,124672
2017-04-10,24.943735122680664,25.33350148124326,24.943735122680664,24.943735122680664,30685
2017-04-11,24.943735122680664,25.3490777834374,24.943735122680664,24.943735122680664,21981
2017-04-12,25.72327041625977,25.957095171461454,24.795624792499428,25.723270416259766,33491
2017-04-13,25.333499908447262,26.11303420072232,24.94373357408278,25.333499908447266,21751
2017-04-14,25.489442825317383,26.113035547410625,25.489442825317383,25.489442825317383,12122
2017-04-17,24.943735122680664,25.72326946335205,24.943735122680664,24.943735122680664,15330
2017-04-18,25.333499908447262,25.333499908447262,24.787876396138252,25.333499908447266,17220
2017-04-19,24.943735122680664,25.33350148124326,24.943735122680664,24.943735122680664,8430
2017-04-20,25.72327041625977,25.72327041625977,24.943736046710857,25.723270416259766,7862
2017-04-21,26.113035202026367,26.113035202026367,24.951564893662262,26.113035202026367,18472
2017-04-24,24.943735122680664,25.33350148124326,24.631937946583296,24.943735122680664,12625
2017-04-25,25.333499908447262,25.72326786635784,25.333499908447262,25.333499908447266,2184
2017-04-26,25.87912368774414,25.87912368774414,25.06843516110512,25.87912368774414,9467
2017-04-27,25.138660430908207,25.87912410603544,24.943734234592824,25.138660430908203,32585
2017-04-28,24.717737197875977,25.3334995154452,24.717737197875977,24.717737197875977,26208
2017-05-02,25.09967803955078,25.723272464500628,24.94373803288052,25.09967803955078,15333
2017-05-03,24.79562568664551,24.79562568664551,24.79562568664551,24.795625686645508,1092
2017-05-04,25.02170372009277,25.17764532846942,24.795623294189003,25.021703720092773,9236
2017-05-05,25.177644729614258,25.333500286337532,25.177644729614258,25.177644729614258,2184
2017-05-08,25.255531311035156,25.72327011093061,24.834610713941487,25.255531311035156,11681
2017-05-09,24.943735122680664,24.943735122680664,24.47608238250878,24.943735122680664,15437
2017-05-10,24.943735122680664,24.943735122680664,24.943735122680664,24.943735122680664,0
2017-05-11,23.774518966674805,24.709908876095824,23.774518966674805,23.774518966674805,5493
2017-05-12,24.16428565979004,24.943735590683595,24.16428565979004,24.16428565979004,2402
2017-05-15,24.320140838623047,24.320140838623047,24.016175648518402,24.320140838623047,18513
2017-05-16,24.608613967895508,24.608613967895508,23.579676959712764,24.608613967895508,12022
2017-05-17,23.766687393188473,23.774519380208183,23.104194482874906,23.766687393188477,23142
2017-05-18,24.312393188476562,24.312393188476562,23.77451724108692,24.312393188476562,1094
2017-05-19,23.61865997314453,24.156453117615076,23.61865997314453,23.61865997314453,2620
2017-05-22,23.267879486083984,23.384750456882525,22.99506852953524,23.267879486083984,10925
2017-05-23,22.605302810668945,23.50170651006003,22.332490222936084,22.605302810668945,25575
2017-05-24,21.981708526611328,22.605302887480924,21.513971355530582,21.981708526611328,27736
2017-05-25,22.371475219726562,22.99506792096881,22.059678057332377,22.371475219726562,9035
2017-05-26,22.059677124023438,22.605300623142686,22.059677124023438,22.059677124023438,20562
2017-05-31,22.839128494262695,22.917099304284463,22.059680161449553,22.839128494262695,31615
2017-06-01,22.839128494262695,22.839128494262695,22.60530373569642,22.839128494262695,12022
2017-06-02,22.909269332885742,22.987240144242698,22.49617908136613,22.909269332885742,17472
2017-06-05,22.605302810668945,22.683271993953873,22.301251570271056,22.605302810668945,41496
2017-06-06,22.49617767333984,22.87811367088389,22.49617767333984,22.496177673339844,12367
2017-06-07,23.228897094726562,23.618663483375606,22.995070706591335,23.228897094726562,25254
2017-06-08,23.852487564086914,24.39811109960532,23.696547578658304,23.852487564086914,27778
2017-06-09,23.852487564086914,23.852487564086914,23.852487564086914,23.852487564086914,0
2017-06-12,23.852487564086914,23.852487564086914,23.852487564086914,23.852487564086914,0
2017-06-13,24.16428565979004,24.39028004727183,23.38475130449276,24.16428565979004,11358
2017-06-14,24.16428565979004,24.16428565979004,24.16428565979004,24.16428565979004,0
2017-06-15,24.16428565979004,24.16428565979004,24.16428565979004,24.16428565979004,0
2017-06-16,24.16428565979004,24.16428565979004,24.16428565979004,24.16428565979004,0
2017-06-19,24.320140838623047,24.320140838623047,24.164285274111872,24.320140838623047,16407
2017-06-20,24.16428565979004,24.16428565979004,24.16428565979004,24.16428565979004,4368
2017-06-21,24.16428565979004,24.16428565979004,23.228895737494025,24.16428565979004,4368
2017-06-22,23.23664283752441,23.23664283752441,23.22889689809606,23.236642837524414,2734
2017-06-23,23.23664283752441,23.23664283752441,23.07295527535596,23.236642837524414,2184
2017-06-26,23.23664283752441,23.23664283752441,23.23664283752441,23.236642837524414,0
2017-06-27,23.774518966674805,23.774518966674805,23.30686622416557,23.774518966674805,4368
2017-06-28,23.766687393188473,23.774519380208183,23.766687393188473,23.766687393188477,1102
2017-06-29,23.696548461914062,23.696548461914062,22.68327215759618,23.696548461914062,9172
2017-06-30,23.61865997314453,23.77451714963235,23.61865997314453,23.61865997314453,14196
2017-07-03,23.852487564086914,23.852487564086914,23.696547578658304,23.852487564086914,4368
2017-07-04,23.852487564086914,23.852487564086914,23.852487564086914,23.852487564086914,28
2017-07-05,23.774518966674805,23.774518966674805,22.99506904650983,23.774518966674805,17680
2017-07-06,24.346160888671875,24.346160888671875,23.933493524951782,24.346160888671875,21840
2017-07-07,24.18105697631836,24.346161051992677,24.18105697631836,24.18105697631836,8736
2017-07-10,23.93349456787109,24.469899766601948,23.93349456787109,23.933494567871094,8748
2017-07-11,24.098508834838864,24.758741270735396,23.933495848013383,24.098508834838867,3276
2017-07-12,24.750537872314453,24.758738929490175,24.750537872314453,24.750537872314453,1093
2017-07-13,24.758739471435547,24.758739471435547,24.758739471435547,24.758739471435547,1092
2017-07-14,22.736764907836914,23.93349356054341,22.348879484643888,22.736764907836914,24024
2017-07-17,22.695487976074215,23.52082442173175,22.530475005409674,22.69548797607422,61152
2017-07-18,23.355812072753906,23.520825047810774,22.778040619592964,23.355812072753906,7865
2017-07-19,23.355812072753906,23.355812072753906,23.355812072753906,23.355812072753906,0
2017-07-20,23.355812072753906,23.355812072753906,23.355812072753906,23.355812072753906,0
2017-07-21,23.850940704345703,24.2636080545128,23.60337570438417,23.850940704345703,13104
2017-07-24,25.99674415588379,26.90454152738212,24.758738638309648,25.99674415588379,169097
2017-07-25,26.40932273864746,27.812339538847244,26.40932273864746,26.40932273864746,38220
2017-07-26,26.40932273864746,26.82199010804185,25.914192715654945,26.40932273864746,20748
2017-07-27,25.501523971557617,26.821990470102264,25.088856596592784,25.501523971557617,35161
2017-07-28,24.593727111816406,24.75874009077766,23.603377645700412,24.593727111816406,29599
2017-07-31,24.676279067993164,24.676279067993164,24.593727026916284,24.676279067993164,5460
2017-08-01,24.62671089172363,24.62671089172363,23.933493794894726,24.626710891723633,16380
2017-08-02,24.016046524047855,24.758741631226474,24.016046524047855,24.01604652404785,4603
2017-08-03,24.717464447021484,24.717464447021484,24.717464447021484,24.717464447021484,3276
2017-08-04,24.758739471435547,24.758739471435547,24.67627853589892,24.758739471435547,9828
2017-08-07,24.758739471435547,24.758739471435547,23.93349410868686,24.758739471435547,18574
2017-08-08,23.94169425964355,23.94169425964355,23.94169425964355,23.941694259643555,1092
2017-08-09,24.428621292114258,24.75873833032651,24.428621292114258,24.428621292114258,22394
2017-08-10,24.676279067993164,24.758740005307896,24.511174985839407,24.676279067993164,8736
2017-08-11,24.346160888671875,24.346160888671875,24.346160888671875,24.346160888671875,10920
2017-08-14,24.346160888671875,24.346160888671875,24.346160888671875,24.346160888671875,5460
2017-08-15,24.428621292114258,24.75873833032651,24.346160360378185,24.428621292114258,24270
2017-08-16,24.428621292114258,24.428621292114258,24.428621292114258,24.428621292114258,0
2017-08-17,23.520824432373043,24.346160878403975,23.520824432373043,23.520824432373047,16121
2017-08-18,23.520824432373043,23.933493514857926,23.520824432373043,23.520824432373047,26264
2017-08-21,23.520824432373043,23.520824432373043,23.520824432373043,23.520824432373047,0
2017-08-22,23.93349456787109,23.93349456787109,23.93349456787109,23.933494567871094,3276
2017-08-23,23.93349456787109,23.93349456787109,23.108158085527442,23.933494567871094,12012
2017-08-24,23.93349456787109,24.01604488981283,23.603377508110455,23.933494567871094,26208
2017-08-25,24.502883911132812,24.502883911132812,24.016044327115114,24.502883911132812,26208
2017-08-28,25.99674415588379,25.99674415588379,23.933493303330273,25.99674415588379,148923
2017-08-29,25.749088287353516,26.40932237817109,25.41897124194473,25.749088287353516,280644
2017-08-30,25.988452911376953,26.244308368095503,25.253958925159388,25.988452911376953,58203
2017-08-31,25.006393432617188,25.83164049985771,24.758739038001142,25.006393432617188,87360
2017-09-01,24.758739471435547,24.92384355002917,24.758739471435547,24.758739471435547,44772
2017-09-04,24.758739471435547,24.92384355002917,24.428622418008487,24.758739471435547,113568
2017-09-05,24.511173248291016,24.923842320659976,23.13294016179228,24.511173248291016,199836
2017-09-06,23.93349456787109,24.346161949573464,23.93349456787109,23.933494567871094,76440
2017-09-07,24.263608932495117,24.51117394141483,23.93349360495492,24.263608932495117,138684
2017-09-08,23.93349456787109,24.214042586447448,23.93349456787109,23.933494567871094,131040
2017-09-11,24.098508834838864,24.098508834838864,22.28291217986356,24.098508834838867,2268084
2017-09-12,23.108158111572266,24.098507573031473,22.28291101312152,23.108158111572266,2154516
2017-09-13,23.93349456787109,24.346161949573464,22.530476006886815,23.933494567871094,1850940
2017-09-14,25.088855743408203,25.58407514106518,23.933493363219068,25.088855743408203,667785
2017-09-15,25.336511611938473,25.914193695185283,24.75874014386793,25.336511611938477,424023
2017-09-18,26.574426651000973,26.73943963373108,25.58407716226567,26.574426651000977,831222
2017-09-19,26.574426651000973,27.358396891087445,26.40932428344528,26.574426651000977,596180
2017-09-20,26.40932273864746,27.234659196375087,26.40932273864746,26.40932273864746,335244
2017-09-21,26.574426651000973,26.821991676978403,26.079207214220528,26.574426651000977,166716
2017-09-22,26.491872787475582,27.234658918134976,26.07920542229717,26.491872787475586,60060
2017-09-25,26.244308471679684,26.904542582202236,25.92239419275809,26.244308471679688,285012
2017-09-26,26.40932273864746,26.82199010804185,26.079205688732713,26.40932273864746,45973
2017-09-27,27.23465919494629,27.56477452590487,26.8219901066347,27.23465919494629,115861
2017-09-28,27.399671554565433,28.051702863555594,26.91274259976827,27.39967155456543,56128
2017-09-29,28.8852424621582,29.71048785766958,26.904543500838756,28.885242462158203,220540
2017-10-02,33.424320220947266,33.836989323444044,32.59907483865496,33.424320220947266,323408
2017-10-03,33.259307861328125,34.65403422118835,32.59907376067079,33.259307861328125,215680
2017-10-05,33.011653900146484,33.83698865085682,32.599074190674095,33.011653900146484,132159
2017-10-06,34.57977294921875,34.744787642990566,33.01165377444137,34.57977294921875,282928
2017-10-11,33.83699035644531,35.0749048790264,33.424321241350256,33.83699035644531,180643
2017-10-12,34.249656677246094,34.6622329359766,33.83698759581908,34.249656677246094,97814
2017-10-13,34.249656677246094,34.249656677246094,33.6718835217452,34.249656677246094,79684
2017-10-16,33.83699035644531,34.24965947154037,33.424321241350256,33.83699035644531,82275
2017-10-17,33.50687026977539,33.9195393265632,33.2593052772036,33.50687026977539,81031
2017-10-18,33.011653900146484,33.60591513537913,31.361070345669724,33.011653900146484,138202
2017-10-19,32.805362701416016,33.01165254770078,32.599072855131254,32.805362701416016,27300
2017-10-20,33.011653900146484,33.42431955656277,32.2771581933774,33.011653900146484,110123
2017-10-23,33.011653900146484,33.42431955656277,32.18640509638005,33.011653900146484,125174
2017-10-24,33.011653900146484,33.34176923589074,32.615565690268625,33.011653900146484,48048
2017-10-25,33.011653900146484,33.42431955656277,32.18640509638005,33.011653900146484,90250
2017-10-26,33.011653900146484,33.42431955656277,32.77237760834348,33.011653900146484,17472
2017-10-27,32.59907150268555,33.01165117813828,32.3597092836755,32.59907150268555,38220
2017-10-30,32.186405181884766,32.64026005289886,32.02130454010209,32.186405181884766,21896
2017-10-31,32.84663772583008,33.251014640757816,32.18640364621089,32.84663772583008,57173
2017-11-01,33.011653900146484,33.42431955656277,32.18640509638005,33.011653900146484,28871
2017-11-02,32.61556625366211,33.42432013392648,32.59907475378271,32.61556625366211,57842
2017-11-03,33.011653900146484,33.011653900146484,33.011653900146484,33.011653900146484,10963
2017-11-06,32.84663772583008,33.176756484578476,31.77373800838739,32.84663772583008,113568
2017-11-07,32.186405181884766,33.01165398784351,31.77373952437221,32.186405181884766,107537
2017-11-08,33.011653900146484,33.011653900146484,33.011653900146484,33.011653900146484,4467
2017-11-09,32.59907150268555,33.01165117813828,31.773736820029004,32.59907150268555,23805
2017-11-10,32.186405181884766,32.59907427727508,32.02959326339332,32.186405181884766,44038
2017-11-13,32.673336029052734,33.0116541436175,32.021304691202864,32.673336029052734,45864
2017-11-14,31.94704246520996,32.59907379024164,31.94704246520996,31.94704246520996,48779
2017-11-15,32.59907150268555,33.01165117813828,31.94704022340849,32.59907150268555,32530
2017-11-16,32.59907150268555,33.01165117813828,32.19460521806749,32.59907150268555,31668
2017-11-17,32.59907150268555,33.01165117813828,32.021301814688,32.59907150268555,26208
2017-11-20,33.34177017211914,33.34177017211914,32.19460877672177,33.34177017211914,30482
2017-11-21,33.011653900146484,33.42431955656277,32.599074190674095,33.011653900146484,94362
2017-11-22,32.59907150268555,33.01165117813828,32.59907150268555,32.59907150268555,20440
2017-11-23,33.424320220947266,33.836989323444044,33.01165455632831,33.424320220947266,79402
2017-11-24,33.011653900146484,33.589423635784605,33.011653900146484,33.011653900146484,47057
2017-11-27,32.4422607421875,33.251014570329986,32.4422607421875,32.4422607421875,68604
2017-11-28,32.76408767700195,33.01165268294599,32.599072988686174,32.76408767700195,51324
2017-11-29,32.59907150268555,33.01165117813828,32.43396743707754,32.59907150268555,49140
2017-11-30,32.59907150268555,32.59907150268555,32.59907150268555,32.59907150268555,0
2017-12-01,32.59907150268555,32.722811026546644,32.47524603188764,32.59907150268555,30806
2017-12-04,32.59907150268555,32.64854943526713,32.47524603188764,32.59907150268555,6562
2017-12-05,33.011653900146484,33.011653900146484,32.18640509638005,33.011653900146484,6552
2017-12-06,32.277156829833984,32.599072813531386,32.277156829833984,32.277156829833984,12831
2017-12-07,32.59907150268555,33.01165117813828,32.18640244241854,32.59907150268555,12012
2017-12-08,32.51652526855469,33.01165531999492,32.51652526855469,32.51652526855469,6552
2017-12-11,32.4422607421875,33.01165234287461,32.4422607421875,32.4422607421875,25848
2017-12-12,33.011653900146484,33.011653900146484,32.43397011145227,33.011653900146484,14196
2017-12-13,32.277156829833984,33.17675657782145,32.277156829833984,32.277156829833984,2178
2017-12-14,33.011653900146484,33.17675797936832,32.26895885492984,33.011653900146484,19211
2017-12-15,32.186405181884766,33.01165398784351,32.186405181884766,32.186405181884766,23423
2017-12-18,32.186405181884766,32.59907427727508,32.02130454010209,32.186405181884766,11296
2017-12-19,32.84663772583008,33.259306801531174,32.84663772583008,32.84663772583008,50657
2017-12-20,33.011653900146484,33.011653900146484,33.011653900146484,33.011653900146484,20351
2017-12-21,31.77373886108398,33.25101553309938,31.36106977430828,31.773738861083984,51542
2017-12-22,31.77373886108398,31.77373886108398,31.77373886108398,31.773738861083984,0
2017-12-25,31.77373886108398,31.77373886108398,31.77373886108398,31.773738861083984,1314
2017-12-26,32.351417541503906,32.59907192417926,31.361068165248785,32.351417541503906,57173
2017-12-27,32.268959045410156,32.268959045410156,28.472572499080876,32.268959045410156,70106
2017-12-28,31.77373886108398,31.77373886108398,31.77373886108398,31.773738861083984,1092
2017-12-29,30.783388137817386,30.783388137817386,30.783388137817386,30.783388137817383,848
2018-01-02,31.3610725402832,32.10385702230074,30.956695578838268,31.361072540283203,23440
2018-01-03,31.204259872436523,31.204259872436523,31.204259872436523,31.204259872436523,2184
2018-01-04,33.83699035644531,37.96340303928362,31.658204277989455,33.83699035644531,138095
2018-01-05,33.83699035644531,35.61140291924899,32.599075833864234,33.83699035644531,63529
2018-01-08,33.424320220947266,33.836989323444044,33.01165455632831,33.424320220947266,27083
2018-01-09,33.011653900146484,33.42431955656277,32.84663920574631,33.011653900146484,32818
2018-01-10,33.251014709472656,33.251014709472656,32.59907278927955,33.251014709472656,30171
2018-01-11,33.011653900146484,33.011653900146484,32.18640509638005,33.011653900146484,38674
2018-01-12,32.59907150268555,33.01165117813828,32.18640244241854,32.59907150268555,45248
2018-01-15,32.06258010864258,33.836989171426005,32.06258010864258,32.06258010864258,187041
2018-01-16,32.59907150268555,32.88791165427718,32.029590537273755,32.59907150268555,23136
2018-01-17,33.011653900146484,34.16710742447882,31.773739439963766,33.011653900146484,83126
2018-01-18,33.424320220947266,34.16710810362791,33.01165455632831,33.424320220947266,96827
2018-01-19,33.011653900146484,33.42431955656277,32.854841982071626,33.011653900146484,39569
2018-01-22,33.09420394897461,33.754438052917536,32.85484171219389,33.09420394897461,129622
2018-01-23,33.011653900146484,33.67188457163499,32.68153512652448,33.011653900146484,155888
2018-01-24,32.45046615600586,33.416121358140856,32.18640619445269,32.45046615600586,154072
2018-01-25,31.608726501464847,32.59907600159041,31.608726501464847,31.608726501464844,134532
2018-01-26,32.10385513305664,32.10385513305664,31.19605599851344,32.10385513305664,63574
2018-01-29,29.710485458374027,31.77373801458687,29.008976220141612,29.710485458374023,184805
2018-01-30,30.12315559387207,30.948490336592535,29.88379335744238,30.12315559387207,92344
2018-01-31,30.12315559387207,30.865940016719648,29.88379335744238,30.12315559387207,65979
2018-02-01,29.710485458374027,30.53582360993726,29.545474209254046,29.710485458374023,92821
2018-02-02,33.011653900146484,34.08455366592903,29.71048679119296,33.011653900146484,151150
2018-02-05,33.011653900146484,33.25930830004035,31.361070345669724,33.011653900146484,115572
2018-02-06,32.186405181884766,33.16846590633495,31.361070428981893,32.186405181884766,77938
2018-02-07,31.77373886108398,32.59907359675769,31.36106977430828,31.773738861083984,56331
2018-02-08,31.77373886108398,32.18640450998199,31.608724169690177,31.773738861083984,130003
2018-02-09,31.361067759761994,32.59907150268555,30.94848808430927,32.59907150268555,65434
2018-02-12,32.59907150268555,33.01165117813828,30.94848808430927,32.59907150268555,365650
2018-02-21,31.77373886108398,33.01165329871337,30.61837474262266,31.773738861083984,442998
2018-02-22,27.482223510742188,29.29791118572269,27.23466020898019,27.482223510742188,3845753
2018-02-23,27.523498092895572,27.771063092926173,25.418970411656126,26.16175651550293,1889937
2018-02-26,26.161759854514155,26.491875212333625,25.584077746128496,25.666629791259766,711149
2018-02-27,26.079206111107585,26.904542582202236,25.872916256010104,26.244308471679688,874168
2018-03-01,26.03792936689775,26.574425664862737,25.914193269852447,26.203033447265625,588332
2018-03-02,26.161757674482477,26.698162856134925,25.955467823141337,26.368045806884766,303143
2018-03-05,26.24430804663084,27.152107157956596,26.24430804663084,26.40932273864746,411684
2018-03-06,26.53314993680577,26.987094184878828,26.40932273864746,26.40932273864746,263487
2018-03-07,26.409320417926498,26.821987751057712,26.28558261546202,26.65697479248047,306372
2018-03-08,26.821989059448242,27.1933812545834,26.656976092821584,26.821989059448242,594210
2018-03-09,26.82199010804185,26.82199010804185,26.40932273864746,26.40932273864746,185640
2018-03-12,26.491872922590172,26.821989970815984,26.450597763061523,26.450597763061523,260072
2018-03-13,26.450598326777165,26.49187348718547,26.244308471679684,26.244308471679688,130079
2018-03-14,26.244308692293576,26.285585571987742,25.996745393645615,26.120481491088867,143052
2018-03-15,26.12048092621503,27.647326648056332,26.12048092621503,27.15210723876953,444594
2018-03-16,27.647325484909715,27.647325484909715,26.698161866130903,26.821989059448242,480643
2018-03-19,26.656976862625797,27.028279683666625,26.491872787475582,26.491872787475586,145237
2018-03-20,26.491873058127098,26.78071494830203,26.40932273864746,26.40932273864746,86542
2018-03-21,26.450597763061523,26.65697699858245,26.450597763061523,26.450597763061523,110565
2018-03-22,26.32685852050781,26.656975550804503,26.24430648699519,26.326858520507812,88452
2018-03-23,26.32685852050781,26.409321169205384,26.079204138908693,26.326858520507812,81059
2018-03-26,26.32685852050781,26.491871483779256,26.32685852050781,26.326858520507812,74365
2018-03-27,26.409322685480337,26.491873004793785,26.32686003204822,26.368045806884766,108108
2018-03-28,26.57442552694096,26.57442552694096,26.079206111107585,26.244308471679688,86453
2018-03-29,26.409322685480337,26.409322685480337,26.24430799379592,26.368045806884766,33852
2018-03-30,26.32685865358933,26.409321302703752,26.244306619659408,26.28558349609375,33852
2018-04-02,25.996744101764047,26.203032229405462,25.666627060132583,25.955467224121094,110401
2018-04-03,25.74908746944483,26.244306854767736,25.74908746944483,26.037927627563477,44772
2018-04-09,26.037928454647044,26.037928454647044,25.749088287353516,25.749088287353516,76613
2018-04-10,26.037928544040202,26.821989834017725,26.037928544040202,26.491872787475586,275186
2018-04-11,26.49187460775365,26.698164471576895,26.40932428344528,26.574426651000977,63445
2018-04-12,26.53314988338936,26.53314988338936,26.368045806884766,26.368045806884766,50232
2018-04-13,26.53314993680577,26.65697713496408,26.40932273864746,26.40932273864746,84153
2018-04-16,26.409321169205384,26.656975550804503,26.079204138908693,26.326858520507812,84269
2018-04-17,26.28558370792634,26.40932151553353,26.079204480907727,26.16175651550293,93912
2018-04-18,26.32685852050781,26.409321169205384,26.24430648699519,26.326858520507812,65520
2018-04-19,26.32686008504933,26.40932273864746,26.079205688732713,26.40932273864746,67952
2018-04-20,26.45059789838728,26.615701975224262,26.28558492530951,26.40932273864746,33852
2018-04-23,26.244306831159353,26.491871831189954,26.161756515502926,26.16175651550293,56947
2018-04-24,26.1617582866431,26.203033447265625,25.914193269852447,26.203033447265625,58968
2018-04-25,26.368045590582344,26.533149665732555,25.955467610223376,26.491872787475586,147420
2018-04-26,26.491872393393972,26.491872393393972,25.955467224121094,25.955467224121094,113677
2018-04-27,25.99674415588379,26.203032283954652,25.74908804632693,25.99674415588379,100464
2018-04-30,26.368046287021674,26.40932316636886,26.079206111107585,26.244308471679688,76549
2018-05-02,25.99674357345321,26.203031696902393,25.91419153878375,26.037927627563477,65648
2018-05-03,26.326858889437197,26.326858889437197,25.83163950411429,26.037927627563477,79717
2018-05-04,25.914192145715194,25.914192145715194,25.831640109112296,25.872915267944336,48048
2018-05-07,25.79036649234643,25.831641653646408,25.336511611938473,25.336511611938477,87550
2018-05-08,25.336509178177,25.542799017915303,25.336509178177,25.418970108032227,90636
2018-05-09,25.58407505919588,25.58407505919588,25.171407699584964,25.17140769958496,87360
2018-05-10,25.171408342733596,25.171408342733596,24.717464093823974,24.882566452026367,124488
2018-05-11,24.882566452026367,24.882566452026367,24.676278318828615,24.882566452026367,85914
2018-05-14,24.882568841504135,24.882568841504135,23.85094414999065,24.01604652404785,256620
2018-05-15,23.933494366760517,23.933494366760517,22.943143195800427,23.231985092163086,303576
2018-05-16,22.94314118122846,23.52082320429027,22.86059086722889,23.273258209228516,76440
2018-05-17,23.273260033345316,23.603377087219364,23.23198487311046,23.355812072753906,67704
2018-05-18,23.603377508110455,23.93349456787109,23.355812489230463,23.933494567871094,70980
2018-05-21,23.933496196488765,24.098509185716857,23.809667267272083,24.01604652404785,55692
2018-05-22,24.13978399801744,24.13978399801744,24.057231952721295,24.098508834838867,33852
2018-05-23,24.139781131117434,24.75873833032651,24.0985059728408,24.428621292114258,137592
2018-05-24,24.428622408259557,26.03792907669591,24.428622408259557,25.584075927734375,184548
2018-05-25,25.831641881350507,25.91419392361707,25.088857427417278,25.212684631347656,115752
2018-05-28,25.253957144567867,25.418970108032227,24.84128979921486,25.418970108032227,79804
2018-05-29,25.418971012883954,25.418971012883954,25.006393037659358,25.047578811645508,56784
2018-05-30,24.96511854369273,25.006393703596398,24.923843383789062,24.923843383789062,52416
2018-05-31,24.923843330781107,24.923843330781107,24.593726280257993,24.882566452026367,91742
2018-06-01,24.84129060405536,25.130130767822266,24.84129060405536,25.130130767822266,8736
2018-06-04,25.088854796288352,25.46024698430617,25.088854796288352,25.418970108032227,46956
2018-06-05,25.542798731056507,25.749086849539335,25.460246698374476,25.625349044799805,92820
2018-06-06,25.914192361936895,25.914192361936895,25.501523279236416,25.749088287353516,48048
2018-06-07,25.872916324310822,25.872916324310822,25.418972067687402,25.460248947143555,51324
2018-06-08,25.584074153271413,25.584074153271413,25.3365091564106,25.54279899597168,25116
2018-06-11,25.5015221197332,25.542798995971683,25.418970086194985,25.54279899597168,17472
2018-06-12,25.50152410766082,25.50152410766082,25.2539590915015,25.460248947143555,32760
2018-06-13,25.336510053568862,25.336510053568862,25.088855663123606,25.17140769958496,69931
2018-06-14,25.17140946968384,25.46024965438389,25.088857427417278,25.212684631347656,50232
2018-06-15,25.21268341933856,25.21268341933856,24.965118408203125,24.965118408203125,49140
2018-06-19,24.92384210538801,24.92384210538801,24.387345844284873,24.635000228881836,79557
2018-06-20,24.758739171927118,24.965118408203125,24.593726199089854,24.965118408203125,111384
2018-06-21,25.171408396268074,25.171408396268074,24.758739306296672,24.923843383789062,34944
2018-06-22,24.92384355002917,25.006393870387107,24.59372649660211,24.758739471435547,81900
2018-06-25,24.758738305350377,24.758738305350377,24.346160335818254,24.55245018005371,45864
2018-06-26,24.593725283515944,24.593725283515944,24.098505894860843,24.511173248291016,39312
2018-06-27,24.593725283515944,24.717463092067046,24.428621213066087,24.511173248291016,122413
2018-06-28,24.74043725763784,25.38921189789884,24.74043725763784,25.04319190979004,73273
2018-06-29,25.129721477636505,25.345947265625,25.08645794222516,25.345947265625,54600
2018-07-02,25.259420258878023,25.345947329920204,25.172985076904293,25.172985076904297,14196
2018-07-03,25.172985637205088,25.172985637205088,24.61064614674349,24.65390968322754,30576
2018-07-04,25.043192964132235,25.17298537397364,24.826967173043528,24.999929428100586,25117
2018-07-05,24.91340091280734,24.91340091280734,24.567380905151367,24.567380905151367,36079
2018-07-06,24.567379053592532,24.610644388732492,23.83207735879,24.39441680908203,30576
2018-07-09,24.307887601488783,24.351152936025255,23.832077026367188,23.832077026367188,54709
2018-07-10,24.178095776602483,24.178095776602483,24.048397064208984,24.048397064208984,3276
2018-07-11,24.04839551971823,24.04839551971823,23.788810729980472,23.78881072998047,12012
2018-07-12,23.832077026367188,23.87534055915733,23.832077026367188,23.832077026367188,16055
2018-07-13,23.832077881063555,23.875341415405273,23.788812544975446,23.875341415405273,14196
2018-07-16,23.875339593808476,23.875339593808476,23.183301470033577,23.78881072998047,57876
2018-07-17,23.788810729980472,23.788810729980472,23.399620926984205,23.78881072998047,14305
2018-07-18,23.356358014297705,24.178094863891598,23.183302083806336,24.1780948638916,76442
2018-07-19,23.615849682892343,23.832077261661563,23.48605728149414,23.48605728149414,34944
2018-07-20,23.74564387714235,23.74564387714235,23.356360334365824,23.39962387084961,12012
2018-07-23,23.918603347159287,23.918603347159287,23.313094081584524,23.442790985107422,17472
2018-07-24,23.356357854970035,23.356357854970035,23.18330192565918,23.18330192565918,42588
2018-07-25,23.183302872024658,23.183302872024658,23.09677400296389,23.140037536621094,26208
2018-07-26,23.18330292940344,23.18330292940344,22.967075347900394,22.96707534790039,17473
2018-07-27,22.923810958862305,22.923810958862305,22.70758338542658,22.923810958862305,27300
2018-07-30,22.664320315619058,22.664320315619058,22.14524260130447,22.23177146911621,69888
2018-07-31,22.058714819105532,22.145241882361844,21.799223716650506,21.92901611328125,45948
2018-08-01,21.972280304938895,22.404733657836914,21.972280304938895,22.404733657836914,24046
2018-08-02,22.40473356865567,22.577791303170507,22.40473356865567,22.491262435913086,38438
2018-08-03,22.750753314406232,22.88054571310293,22.750753314406232,22.837282180786133,41496
2018-08-06,22.837282269425707,22.837282269425707,22.66432002854884,22.75075340270996,22535
2018-08-07,22.750753314406232,22.837282180786133,22.66431994058059,22.837282180786133,15288
2018-08-08,23.1833036335786,23.356359575638525,23.096774761675427,23.26983070373535,50059
2018-08-09,23.26982921838506,23.26982921838506,22.837282180786133,22.837282180786133,24024
2018-08-10,22.750755280709974,22.837284154568398,22.664321899414062,22.664321899414062,19656
2018-08-13,22.577791303170507,22.577791303170507,22.491262435913086,22.491262435913086,16380
2018-08-14,22.491262435913086,22.491262435913086,22.491262435913086,22.491262435913086,19656
2018-08-15,22.491264411694782,22.491264411694782,22.318302154541016,22.318302154541016,4368
2018-08-16,22.318299748033414,23.18330192565918,22.318299748033414,23.18330192565918,66872
2018-08-17,22.49126175355602,23.57258518292892,22.49126175355602,23.442790985107422,42028
2018-08-20,23.18330300501246,24.22136116027832,23.18330300501246,24.22136116027832,65629
2018-08-21,23.875340577561836,24.956662239692687,23.875340577561836,24.82696533203125,79303
2018-08-22,24.221360554579732,24.82696533203125,24.221360554579732,24.82696533203125,42697
2018-08-23,24.307888834866628,24.826966572608928,24.307888834866628,24.610645294189453,17472
2018-08-24,24.22136053590849,24.22136053590849,23.832077026367188,23.832077026367188,8780
2018-08-27,23.832077026367188,23.832077026367188,23.832077026367188,23.832077026367188,0
2018-08-28,23.356359481811523,23.442792860807128,23.183303540446797,23.356359481811523,18564
2018-08-29,23.35635761302751,23.442790985107422,23.35635761302751,23.442790985107422,21840
2018-08-30,23.356359481811523,23.356359481811523,23.356359481811523,23.356359481811523,3276
2018-08-31,23.269830861850856,23.269830861850856,22.75075492121153,23.010339736938477,29484
2018-09-03,22.750754257637574,23.356359053104278,22.750754257637574,22.794017791748047,14196
2018-09-04,22.880545624965862,23.18330206444817,22.83728209281572,22.923810958862305,10920
2018-09-05,22.923810958862305,22.967074491012447,22.923810958862305,22.923810958862305,13104
2018-09-06,23.096774244948673,23.096774244948673,22.794017791748047,22.794017791748047,38220
2018-09-07,22.79401707788567,22.88054594514309,22.058715393927535,22.491262435913086,56784
2018-09-10,22.36156440435884,22.36156440435884,21.626262698117962,21.712696075439453,57876
2018-09-11,22.05871606239978,22.05871606239978,21.669526232184577,21.712696075439453,23041
2018-09-12,21.842487248278662,21.92901611328125,21.842487248278662,21.92901611328125,5460
2018-09-13,21.972280642193226,22.231771756426106,21.972280642193226,22.0587158203125,25116
2018-09-14,22.05871468424092,22.188507080078125,21.885752447845952,22.188507080078125,19481
2018-09-17,22.318300427364765,22.318300427364765,21.626262268924645,22.14524269104004,86268
2018-09-18,21.79922491172951,21.79922491172951,21.53973379504864,21.626262664794922,49140
2018-09-19,21.62626218129206,22.23177146911621,21.453204445668582,22.23177146911621,34973
2018-09-20,22.275036949963063,22.275036949963063,21.79922456730739,21.972280502319336,9828
2018-09-21,21.755959232244642,21.972280502319336,21.755959232244642,21.972280502319336,5986
2018-09-25,21.972280502319336,21.972280502319336,21.972280502319336,21.972280502319336,0
2018-09-26,21.453205108642578,21.6262628496141,21.453205108642578,21.453205108642578,26208
2018-09-27,21.280241012573242,21.280241012573242,21.280241012573242,21.280241012573242,3277
2018-09-28,21.40994148242014,21.53973388671875,21.40994148242014,21.53973388671875,24242
2018-10-01,21.53973388671875,21.53973388671875,21.53973388671875,21.53973388671875,0
2018-10-02,21.496468643012264,21.496468643012264,21.366676238156817,21.453205108642578,5460
2018-10-03,21.453204393629765,22.83728250329053,21.453204393629765,22.404733657836914,111495
2018-10-04,22.880546875773327,22.923812212034946,22.318301101715246,22.36156463623047,69363
2018-10-05,22.40473316385409,22.40473316385409,21.755958557128906,21.755958557128906,16381
2018-10-08,21.62626198631032,21.62626198631032,21.366675385215533,21.409940719604492,86268
2018-10-09,22.44799954883749,22.44799954883749,21.626262664794922,21.626262664794922,33852
2018-10-11,20.847693595671593,20.847693595671593,19.463617268494556,19.636579513549805,185703
2018-10-12,17.820048214449475,19.55014454261813,17.820048214449475,19.204126358032227,112723
2018-10-15,19.247390233569327,19.247390233569327,18.68504896382498,18.771577835083008,48211
2018-10-16,18.77157792869638,18.94454017951536,18.685049057006836,18.685049057006836,41605
2018-10-17,18.814843265414364,19.117597922894454,18.685049057006836,18.685049057006836,39312
2018-10-18,18.685049057006836,18.685049057006836,18.512086806187856,18.685049057006836,17472
2018-10-19,18.598522186279297,18.598522186279297,18.166068808319626,18.598522186279297,65520
2018-10-22,18.814843018922105,19.031068801879886,18.814843018922105,19.031068801879883,22932
2018-10-23,19.42035232594954,19.42035232594954,18.94453993132395,19.031068801879883,25225
2018-10-24,18.598520766430973,19.031067802183838,18.598520766430973,18.901369094848633,15288
2018-10-25,18.598522186279297,18.598522186279297,17.733519937798818,18.598522186279297,36036
2018-10-26,18.555350942347363,18.555350942347363,17.300971564309094,17.733518600463867,187887
2018-10-29,17.30097213230464,17.30097213230464,16.954952149134638,17.041481018066406,82064
2018-10-30,17.041480348945985,17.17127274637426,15.354647636413576,15.354647636413574,505600
2018-10-31,15.743932989402262,15.743932989402262,15.181591690723703,15.397912979125977,65521
2018-11-01,15.52761049141922,15.700666427612305,15.354648246036888,15.700666427612305,50232
2018-11-02,16.133214360374833,16.133214360374833,15.700665532736892,15.873629570007324,36146
2018-11-05,15.960157216154867,16.176384792481187,15.873630150697862,16.133214950561523,20748
2018-11-06,16.08995334563848,16.219650268554688,16.046688005979853,16.219650268554688,21840
2018-11-07,16.69546013741166,16.825252532958984,16.69546013741166,16.825252532958984,21062
2018-11-08,16.43596946303572,17.82004755543283,16.43596946303572,17.646989822387695,52634
2018-11-09,17.646989822387695,17.646989822387695,17.646989822387695,17.646989822387695,0
2018-11-12,17.56046275761144,18.07953866244612,17.56046275761144,17.646989822387695,20748
2018-11-13,17.474028687102017,17.474028687102017,17.300972744857674,17.43076515197754,19746
2018-11-14,17.603726484526362,17.603726484526362,17.430764242124354,17.560462951660156,22058
2018-11-15,17.474027774990557,17.560462951660156,17.344235374645613,17.560462951660156,26208
2018-11-16,17.474027774990557,17.603726484526362,17.474027774990557,17.560462951660156,8736
2018-11-19,17.560462583295447,17.82004737854004,17.560462583295447,17.82004737854004,15288
2018-11-20,17.73351851287641,17.82004737854004,17.560462583295447,17.82004737854004,15288
2018-11-21,17.77678384658137,17.82004737854004,17.646989647212784,17.82004737854004,20748
2018-11-22,17.82004823354368,17.863311767578125,17.776784699509232,17.863311767578125,9828
2018-11-23,17.82004737854004,17.82004737854004,17.646989647212784,17.82004737854004,21840
2018-11-26,17.993011312520938,18.25250244140625,17.993011312520938,18.25250244140625,22951
2018-11-27,18.166067746733713,18.771577032795065,18.166067746733713,18.55535125732422,35384
2018-11-28,18.512086806187856,18.685049057006836,18.252501992865632,18.685049057006836,36036
2018-11-29,18.68504896382498,18.814843171585228,18.51208671386856,18.771577835083008,16380
2018-11-30,18.685048022896925,18.814842224121094,18.468822249073234,18.814842224121094,67704
2018-12-03,18.814843018922105,19.031068801879886,18.728314148366167,19.031068801879883,21249
2018-12-04,18.81484208469374,19.117596723174543,18.72831321843429,19.07433319091797,34944
2018-12-05,18.512086563661992,19.031068801879886,18.512086563661992,19.031068801879883,28392
2018-12-06,18.901370087731646,19.031068801879886,18.685048812215,19.031068801879883,34944
2018-12-07,19.03106865161667,19.463617508422224,19.03106865161667,19.290559768676758,41500
2018-12-10,19.550143424731438,19.550143424731438,19.290558632153328,19.420351028442383,24247
2018-12-11,19.290558632153328,19.420351028442383,19.03106753038143,19.420351028442383,15288
2018-12-12,19.290559677290116,19.46361741621574,19.16086096478037,19.37708854675293,17472
2018-12-13,19.377087496928123,19.420351028442383,19.074332863641963,19.420351028442383,30576
2018-12-14,19.37708854675293,19.506880950073963,19.247389834243183,19.37708854675293,65520
2018-12-17,19.333822298540543,20.674636840820312,19.333822298540543,20.674636840820312,98280
2018-12-18,21.19371245393382,21.19371245393382,20.58820319127591,20.847692489624023,92826
2018-12-19,20.847692682164766,20.847692682164766,20.415145651390993,20.761165618896484,17059
2018-12-20,20.328617679234494,20.761166530752625,19.636579515574617,20.631467819213867,141960
2018-12-21,20.24218372216922,20.631467227236985,19.46361671203368,20.328617095947266,196560
2018-12-24,19.896163663381937,20.631467138045736,19.896163663381937,20.415145874023438,275189
2018-12-25,20.45840931843283,20.544938184020097,19.896163578095504,20.50167465209961,291564
2018-12-26,20.674636432373603,21.28024118375882,20.41514533391798,21.1071834564209,274092
2018-12-27,21.626261652014485,21.799223890849074,21.280241681791807,21.755958557128906,273000
2018-12-28,21.755958469858133,21.972279732352355,21.626261565263974,21.842487335205078,273005
2019-01-02,22.05871567988837,22.318300483279465,21.626262323105557,21.972280502319336,90636
2019-01-03,21.79922491172951,22.058716028410384,21.626262664794922,21.626262664794922,135408
2019-01-04,21.71269668463278,21.71269668463278,20.847694439241657,21.020658493041992,132132
2019-01-07,21.53973388671875,21.53973388671875,21.40994148242014,21.53973388671875,135366
2019-01-08,21.62626148219031,21.62626148219031,20.761165618896484,20.761165618896484,51420
2019-01-09,20.415146158297848,20.415146158297848,19.852900407721314,19.896163940429688,43267
2019-01-10,19.852899948790192,19.89616348049846,19.03106761572241,19.33382225036621,39312
2019-01-11,19.333822585186148,19.37708791938996,18.771576837869937,18.987804412841797,57876
2019-01-14,18.987804270051686,18.987804270051686,18.641784298563124,18.901369094848633,27773
2019-01-15,18.944539748864557,19.204126358032227,18.944539748864557,19.204126358032227,30584
2019-01-16,19.074332863641963,19.420351028442383,19.03106753038143,19.420351028442383,24895
2019-01-17,19.420352483525747,19.420352483525747,18.728314300327195,18.771577835083008,41496
2019-01-18,18.77157669670588,19.031067802183838,18.685047830695275,18.901369094848633,44772
2019-01-21,19.07433423114442,19.160861300376354,18.94454002380371,18.94454002380371,33852
2019-01-22,18.944539078637987,19.031067945299295,18.944539078637987,18.987804412841797,17472
2019-01-23,18.685048022896925,18.85810575669827,18.685048022896925,18.814842224121094,13123
2019-01-24,19.031068709818694,19.160861114151544,19.031068709818694,19.117597579956055,18564
2019-01-25,19.117597521489404,19.290559768676758,18.771577534556585,19.290559768676758,55692
2019-01-28,19.11759666819444,19.11759666819444,18.468822059095764,18.901369094848633,177396
2019-01-29,18.85810680038593,18.901370335357495,18.685049057006836,18.685049057006836,24024
2019-01-30,18.68504896382498,18.858106706341037,18.68504896382498,18.771577835083008,15342
2019-02-11,18.814842030584327,18.944538936173235,18.814842030584327,18.901369094848633,12017
2019-02-12,18.987805267475114,19.031068801879886,18.94453993132395,19.031068801879883,18784
2019-02-13,19.16086068214698,19.550144195556644,19.16086068214698,19.55014419555664,66830
2019-02-14,19.463618021559004,19.809636215867833,19.377089149405034,19.766372680664062,29757
2019-02-15,19.982598467615148,20.155656211923088,19.463618021559004,19.766372680664062,25312
2019-02-18,19.809636060459745,20.15565605380045,19.636580119255868,20.025863647460938,24024
2019-02-19,19.896165088021803,19.896165088021803,19.11759802550375,19.766372680664062,41496
2019-02-20,19.377087496928123,19.679842130214283,19.33382216366759,19.420351028442383,32760
2019-02-21,19.593409298787233,19.896163940429688,19.550143964332538,19.896163940429688,15288
2019-02-22,19.59340867090877,19.59340867090877,19.506879806518555,19.506879806518555,4507
2019-02-25,19.4636173248291,19.50688085848419,19.42035198942765,19.4636173248291,33917
2019-02-26,19.550144195556644,19.550144195556644,19.37708826093006,19.55014419555664,32772
2019-02-27,19.55014325171708,19.593408584594727,19.204125089978845,19.593408584594727,17472
2019-03-04,19.723108705218696,20.2854481664872,19.723108705218696,20.19891929626465,37272
2019-03-05,19.939428329467773,20.155654093694938,19.766370603347074,19.939428329467773,73346
2019-03-06,19.896164353295887,20.761166565210893,19.896164353295887,20.7179012298584,58989
2019-03-07,20.025863357565935,20.67463799824488,20.025863357565935,20.19891929626465,43680
2019-03-08,20.069126598656048,20.761166565210893,20.069126598656048,20.7179012298584,63348
2019-03-11,20.761165296042563,21.19371232008986,20.717899963334958,21.1071834564209,76557
2019-03-12,21.0206563096043,21.280241097816578,21.0206563096043,21.19371223449707,67704
2019-03-13,21.23697853088379,21.453204305572104,20.674637287208775,21.23697853088379,73225
2019-03-14,21.32350577692296,21.32350577692296,20.588204086830586,21.063920974731445,86322
2019-03-15,21.193712789944694,21.193712789944694,20.371882254591853,20.50167465209961,43854
2019-03-18,20.501675657229683,20.67463790433061,20.155655670469766,20.28544807434082,41496
2019-03-19,20.242184925275595,20.242184925275595,19.982598310850157,20.025863647460938,51324
2019-03-20,19.896163493525954,20.58820343017578,19.896163493525954,20.58820343017578,34944
2019-03-21,20.847692909514247,20.847692909514247,20.415145874023434,20.415145874023438,38220
2019-03-22,20.41514592509802,20.41514592509802,20.1123912869139,20.242183685302734,31668
2019-03-25,19.982598310850157,20.415147175666004,19.982598310850157,20.025863647460938,27410
2019-03-26,20.025863647460938,20.112392518936083,19.93943026854567,20.025863647460938,20748
2019-03-27,19.982598310850157,20.025863647460938,19.89616493193489,20.025863647460938,46956
2019-03-28,19.636579176099385,19.982597351074215,19.636579176099385,19.98259735107422,17472
2019-03-29,20.025862370638567,20.415145874023434,20.025862370638567,20.415145874023438,64998
2019-04-01,20.415145874023434,20.415145874023434,20.155654768702686,20.415145874023438,63336
2019-04-02,20.415145699736836,20.84769273153494,20.285446993587463,20.58820343017578,68796
2019-04-03,20.58820437660947,20.58820437660947,20.3718831044897,20.544939041137695,34944
2019-04-08,20.544938805743918,21.193713431301507,20.544938805743918,20.890958786010742,75457
2019-04-09,20.89095769067288,21.1071834564209,20.588203061255903,21.1071834564209,73164
2019-04-10,21.10718350286746,21.150448835670275,20.934221267700195,20.934221267700195,155064
2019-04-11,20.93422265233471,20.93422265233471,20.458410263061523,20.458410263061523,76440
2019-04-12,19.896163887836583,20.112391463490717,19.896163887836583,20.06912612915039,94086
2019-04-15,20.198918872694204,20.198918872694204,19.59340958069723,19.723108291625977,109595
2019-04-16,19.72310764866726,20.50167465209961,19.72310764866726,20.50167465209961,73164
2019-04-17,20.544938323486857,20.544938323486857,20.242183685302734,20.242183685302734,88725
2019-04-18,20.2421842077714,20.2421842077714,19.723108291625977,19.723108291625977,67704
2019-04-19,19.723108899139817,20.11239242553711,19.679843562729953,20.11239242553711,58968
2019-04-22,19.766370687960848,19.896163082233855,19.766370687960848,19.8528995513916,74431
2019-04-23,19.852900407721314,19.982597315037633,19.80963507326662,19.896163940429688,39226
2019-04-24,19.89616431822173,19.89616431822173,19.63657951354981,19.636579513549805,76440
2019-04-25,19.63657914068681,19.896163940429688,19.63657914068681,19.896163940429688,39686
2019-04-26,20.11239175452933,20.11239175452933,19.463617129116525,19.55014419555664,44772
2019-04-29,19.463617508422224,19.463617508422224,19.204126391362138,19.290559768676758,60060
2019-04-30,19.117597285827117,19.63657951354981,19.117597285827117,19.636579513549805,47297
2019-05-02,19.377088455772565,19.636579570384967,19.290559586716025,19.4636173248291,34179
2019-05-03,19.29055953088237,19.63657951354981,19.03106841702102,19.636579513549805,133646
2019-05-06,19.333823302739933,19.5068810424854,19.290559768676758,19.290559768676758,15397
2019-05-07,19.290559392743596,19.550144195556644,19.16086068214698,19.55014419555664,53617
2019-05-08,19.55014454261813,19.55014454261813,19.16086102229776,19.204126358032227,40608
2019-05-09,19.377087496928123,19.593408757991973,19.33382216366759,19.420351028442383,75348
2019-05-10,19.463616898915795,19.896163940429688,19.204125789981717,19.896163940429688,97188
2019-05-13,19.85290034751835,19.85290034751835,18.814842224121094,18.814842224121094,172536
2019-05-14,18.598520766430973,19.031067802183838,18.555350925106367,18.901369094848633,43680
2019-05-15,19.031068862260955,19.2041266039219,18.685048871498232,18.85810661315918,72072
2019-05-16,18.858105846138347,18.858105846138347,18.72831344604492,18.728313446044922,58029
2019-05-17,18.685048347150126,18.685048347150126,18.339030167843916,18.382293701171875,128856
2019-05-20,18.382293701171875,18.382293701171875,18.382293701171875,18.382293701171875,10920
2019-05-21,18.38229459642624,18.641785721714275,18.339031060991267,18.598522186279297,65520
2019-05-22,18.598520766430973,18.901369094848633,18.598520766430973,18.901369094848633,62244
2019-05-23,18.64178466796875,18.85810593640873,18.59852113497929,18.64178466796875,42588
2019-05-24,18.641784632328488,18.728313499888316,18.55535125732422,18.55535125732422,46628
2019-05-27,18.468822569574133,18.468822569574133,18.295764832769613,18.382293701171875,58094
2019-05-28,18.38229352220456,18.55535125732422,18.252501121737982,18.55535125732422,67704
2019-05-29,18.555350620646355,18.555350620646355,18.166067123413086,18.166067123413086,90636
2019-05-30,18.166067123413086,18.166067123413086,18.036272925653723,18.166067123413086,38220
2019-05-31,18.252501738837815,18.295765273207262,17.94974708557129,17.94974708557129,147620
2019-06-03,17.993011474609375,18.122803885629253,17.949747938184906,17.993011474609375,40404
2019-06-04,18.036273956298828,18.036273956298828,17.99301042240435,18.036273956298828,48048
2019-06-05,18.166067123413086,18.20933065483536,18.12280179024454,18.166067123413086,49140
2019-06-06,18.16606797899129,18.425559092432874,18.16606797899129,18.209331512451172,38220
2019-06-10,18.598521372315012,18.68504843939811,18.295764923095703,18.295764923095703,63336
2019-06-11,18.295765787310305,18.425559997558594,18.252502251725172,18.425559997558594,25225
2019-06-12,18.598522444107488,18.598522444107488,18.25250244140625,18.25250244140625,28392
2019-06-13,18.166068069797507,18.2525014463389,18.079539200698857,18.122802734375,40404
2019-06-14,18.295764980015043,18.295764980015043,18.122802734375,18.122802734375,3276
2019-06-17,18.122802734375,18.295764980015043,18.079539200698857,18.122802734375,17544
2019-06-18,18.166067923595882,18.382293701171875,18.166067923595882,18.382293701171875,21840
2019-06-19,18.382294399526746,18.685049057006836,18.382294399526746,18.685049057006836,30576
2019-06-20,18.59852225083055,18.59852225083055,18.382294660227018,18.425559997558594,36036
2019-06-21,18.468823469042633,18.728314594330662,18.468823469042633,18.598522186279297,29593
2019-06-24,18.598521894313357,18.771577835083008,18.425559644356937,18.771577835083008,45903
2019-06-25,18.641785721714275,18.728314594330662,18.598522186279297,18.598522186279297,34952
2019-06-26,18.59852225083055,18.59852225083055,18.425559997558594,18.425559997558594,32760
2019-06-27,18.339031124641885,18.425559997558594,18.339031124641885,18.425559997558594,26250
2019-06-28,18.68504932200082,18.68504932200082,18.425559997558594,18.425559997558594,7753
2019-07-01,18.468822389764387,18.55535125732422,18.468822389764387,18.55535125732422,21840
2019-07-02,18.55535214290584,18.685049057006836,18.55535214290584,18.685049057006836,28392
2019-07-03,18.641785429069166,18.771577835083008,18.598521894313357,18.771577835083008,45864
2019-07-04,19.26524254097433,19.493026499391277,19.21968650817871,19.21968650817871,36145
2019-07-05,19.447470700055934,19.584042041891692,19.310800702808972,19.493026733398438,12175
2019-07-08,19.584041806791923,19.584041806791923,19.21968650817871,19.21968650817871,26208
2019-07-09,18.809873580932617,19.128672842491945,18.7643175487455,18.809873580932617,87087
2019-07-10,18.80987258862171,18.80987258862171,18.76431655883789,18.76431655883789,15997
2019-07-11,18.7643175487455,18.809873580932617,18.627647554964746,18.809873580932617,50232
2019-07-12,18.76431808928224,18.94644546508789,18.718762055782808,18.94644546508789,12012
2019-07-15,18.946443741556383,18.946443741556383,18.582088470458984,18.582088470458984,45973
2019-07-16,18.582088470458984,18.582088470458984,18.582088470458984,18.582088470458984,10920
2019-07-17,18.536534127346165,18.94644546508789,18.536534127346165,18.94644546508789,43789
2019-07-18,18.991999949572794,18.991999949572794,18.627646572267135,18.76431655883789,32923
2019-07-19,18.718761360737517,18.718761360737517,18.536533439067167,18.627647399902344,44772
2019-07-22,18.627647399902344,18.673203431710238,18.536533439067167,18.627647399902344,29484
2019-07-23,18.67320351486165,18.76431747610255,18.67320351486165,18.718761444091797,52416
2019-07-24,18.718761444091797,18.76431747610255,18.627647482850893,18.718761444091797,58968
2019-07-25,18.718761444091797,18.718761444091797,18.67320351486165,18.718761444091797,26208
2019-07-26,18.76431655883789,18.76431655883789,18.673202602050953,18.76431655883789,29186
2019-07-29,18.76431747610255,18.76431747610255,18.67320351486165,18.718761444091797,18564
2019-07-30,18.673203431710238,18.718761360737517,18.627647399902344,18.627647399902344,11134
2019-07-31,18.582089387315932,18.582089387315932,18.53653335571289,18.53653335571289,9828
2019-08-01,18.490976773867263,18.490976773867263,18.399961471557617,18.399961471557617,10996
2019-08-02,18.263291407440036,18.3999613948317,18.263291407440036,18.308849334716797,7646
2019-08-05,18.126621810691866,18.126621810691866,17.58013916015625,17.58013916015625,65542
2019-08-06,17.306897400179462,17.306897400179462,16.851430064975705,16.988100051879883,133224
2019-08-07,17.716809439353568,17.716809439353568,17.079114163716767,17.30689811706543,99372
2019-08-08,17.352455801482822,17.48902523949598,16.94254448497241,17.033557891845703,118482
2019-08-12,17.215783184222843,17.306897139861594,16.714759826660156,16.714759826660156,100464
2019-08-13,16.66920233960528,16.66920233960528,16.487074976148715,16.62374496459961,48048
2019-08-14,16.623745882780238,16.85143118644241,16.532631919707363,16.578189849853516,54606
2019-08-15,16.487074813530523,16.578188770672202,16.39596085638884,16.441518783569336,62237
2019-08-16,16.441519486364793,16.760316848754883,16.39596155723692,16.760316848754883,97188
2019-08-19,16.760316848754883,16.851430809791243,16.714760816846393,16.760316848754883,52416
2019-08-20,16.760317223369537,16.760317223369537,16.48707588678064,16.578189849853516,62244
2019-08-21,16.760317538432016,17.07911491394043,16.66920357364637,17.07911491394043,58930
2019-08-22,17.079113456266064,17.079113456266064,16.851430064975705,16.988100051879883,18564
2019-08-23,17.170227927036198,17.671253204345703,17.170227927036198,17.671253204345703,58046
2019-08-26,17.534582318502906,17.534582318502906,17.079113095695607,17.17022705078125,24024
2019-08-27,17.58013916015625,17.67125311945404,17.534583129117028,17.58013916015625,26213
2019-08-28,17.580140158753235,17.671254123226532,17.580140158753235,17.62569808959961,13431
2019-08-29,17.580140158753235,17.62569808959961,17.534584125126315,17.62569808959961,11138
2019-08-30,17.443470001220703,17.489026034431244,17.443470001220703,17.443470001220703,14305
2019-09-02,17.443469790961107,17.807825088500977,17.443469790961107,17.807825088500977,66612
2019-09-03,17.807824258602086,17.94449424743652,17.671252925172784,17.944494247436523,48048
2019-09-04,17.898935959198056,18.12662124633789,17.807823899956297,18.12662124633789,37128
2019-09-05,18.126622236323694,18.172178268432617,18.03560882751438,18.172178268432617,13124
2019-09-06,18.308849527996326,18.308849527996326,17.76226633084439,17.944494247436523,52551
2019-09-10,18.308850324291814,18.445520319070354,18.308850324291814,18.354406356811523,20202
2019-09-11,18.627647399902344,18.627647399902344,18.490977407259273,18.627647399902344,55726
2019-09-12,18.62764639703353,18.62764639703353,18.399961111221206,18.582088470458984,29516
2019-09-16,18.582088470458984,18.582088470458984,18.582088470458984,18.582088470458984,1092
2019-09-17,18.03560911831098,18.081165151154423,17.85338119249835,17.898937225341797,58968
2019-09-18,17.898936404921322,18.035608291625977,17.671253009330957,18.035608291625977,61152
2019-09-19,17.716809064495937,17.716809064495937,17.443469085148706,17.489025115966797,104832
2019-09-20,17.58013907482232,17.58013907482232,17.306897750880825,17.489025115966797,100464
2019-09-23,17.352456046066788,17.352456046066788,17.26134208528345,17.30689811706543,37559
2019-09-24,17.30689811706543,17.534583415006267,17.30689811706543,17.30689811706543,30576
2019-09-25,17.30689811706543,17.30689811706543,17.215784156282087,17.30689811706543,6552
2019-09-26,17.306897124139052,17.306897124139052,17.215783168583076,17.261341094970703,15288
2019-09-27,17.2613410949707,17.2613410949707,17.12467111024637,17.261341094970703,46956
2019-10-01,17.306897124139052,17.306897124139052,17.170227139414724,17.261341094970703,12012
2019-10-02,17.2613410949707,17.2613410949707,17.2613410949707,17.261341094970703,9882
2019-10-03,17.21578307971444,17.21578307971444,17.17022705078125,17.17022705078125,48405
2019-10-04,17.17022796740032,17.21578399876548,17.124671936035153,17.124671936035156,24024
2019-10-07,17.170227882484653,17.170227882484653,17.033557891845703,17.033557891845703,16380
2019-10-08,16.71475972519322,17.17022705078125,16.71475972519322,17.17022705078125,107016
2019-10-09,17.170227882484653,17.170227882484653,16.89698655661319,17.033557891845703,14196
2019-10-14,16.942543934569635,16.942543934569635,16.71475999183149,16.89698600769043,109200
2019-10-15,16.760316765147277,16.760316765147277,16.6237454282918,16.66920280456543,55692
2019-10-16,16.66920296997241,16.851430892944336,16.532631631761753,16.851430892944336,65520
2019-10-17,16.851430892944336,16.9425448544303,16.623745593247712,16.851430892944336,54600
2019-10-18,16.851430255686022,16.851430255686022,16.578188934189086,16.62374496459961,52416
2019-10-21,16.805871885079632,16.851429811508645,16.62374452642366,16.714759826660156,109200
2019-10-22,16.760316765147277,16.760316765147277,16.66920280456543,16.66920280456543,62244
2019-10-23,16.669202252744547,16.669202252744547,16.487074890237018,16.532630920410156,61152
2019-10-24,16.532630920410156,16.669202252744547,16.532630920410156,16.532630920410156,66612
2019-10-25,16.578189849853516,16.578189849853516,16.48707588678064,16.578189849853516,32760
2019-10-28,16.62374496459961,16.66920233960528,16.62374496459961,16.62374496459961,26208
2019-10-29,16.669202175190698,16.760316132332377,16.441518783569336,16.441518783569336,159432
2019-10-30,16.44151969116998,16.48707572364594,16.39596176147461,16.39596176147461,151788
2019-10-31,16.487075805664062,16.532631838366648,16.395961843039466,16.487075805664062,55692
2019-11-01,16.44151969116998,16.48707572364594,16.39596176147461,16.39596176147461,63336
2019-11-04,16.39596167899816,16.39596167899816,16.304847717285156,16.304847717285156,95004
2019-11-05,16.30484697510584,16.532630920410156,16.30484697510584,16.532630920410156,42861
2019-11-06,16.57818884780261,16.57818884780261,16.487074890237018,16.532630920410156,8736
2019-11-07,16.48707572364594,16.57818968581727,16.35040572899865,16.39596176147461,50232
2019-11-08,16.805872328056175,16.851430255686022,16.62374496459961,16.62374496459961,45864
2019-11-11,16.62374571829323,16.669203095359865,16.39596176147461,16.39596176147461,39341
2019-11-12,16.395961923707763,16.578189849853516,16.395961923707763,16.578189849853516,63336
2019-11-13,16.395961843039466,16.487075805664062,16.395961843039466,16.487075805664062,51324
2019-11-14,16.487075805664062,16.487075805664062,16.395961843039466,16.487075805664062,46956
2019-11-15,16.48707543602872,16.760316765147277,16.48707543602872,16.66920280456543,33852
2019-11-18,16.714759826660156,16.805871885079632,16.714759826660156,16.714759826660156,100769
2019-11-19,16.805872963591657,16.851430892944336,16.714760899325093,16.851430892944336,33852
2019-11-20,16.94254384620649,16.98809987562881,16.395960662444995,16.805871963500977,138902
2019-11-21,16.896986198048864,16.896986198048864,16.487074890237018,16.532630920410156,56784
2019-11-22,16.532631838366648,16.578189768288656,16.487075805664062,16.487075805664062,32760
2019-11-25,16.578188497213922,16.714759826660156,16.487074541575172,16.714759826660156,64428
2019-11-26,16.896986286096546,16.896986286096546,16.578188934189086,16.62374496459961,69888
2019-11-27,16.578189479309643,16.80587288066337,16.578189479309643,16.760316848754883,43688
2019-11-28,16.760316765147277,16.760316765147277,16.6237454282918,16.66920280456543,31768
2019-11-29,16.805872328056175,16.805872328056175,16.62374496459961,16.62374496459961,21462
2019-12-02,16.623745882780238,16.623745882780238,16.578189849853516,16.578189849853516,31668
2019-12-03,16.62374571829323,16.669203095359865,16.39596176147461,16.39596176147461,74256
2019-12-04,16.53263100655924,16.71476026723513,16.53263100655924,16.62374496459961,17472
2019-12-05,16.487074890237018,16.532630920410156,16.39596093267143,16.532630920410156,97188
2019-12-06,16.53263213626472,16.53263213626472,16.213834762573242,16.213834762573242,129948
2019-12-09,16.988100802736092,16.988100802736092,16.66920288771852,16.760316848754883,99372
2019-12-10,16.441519853853915,16.578189849853516,16.395961923707763,16.578189849853516,56784
2019-12-11,16.578189768288656,16.578189768288656,16.487075805664062,16.487075805664062,13104
2019-12-12,16.578189849853516,16.623745882780238,16.48707588678064,16.578189849853516,44772
2019-12-13,16.62374452642366,16.714759826660156,16.578188497213922,16.714759826660156,25155
2019-12-16,16.57818956111443,16.89698692507762,16.48707559962847,16.851430892944336,354
2019-12-17,16.942543751755853,17.48902448262957,16.851429796199877,17.261341094970703,219492
2019-12-18,17.534583964861227,17.534583964861227,17.30689865978056,17.443470001220703,113628
2019-12-19,17.306897124139052,17.306897124139052,17.170227139414724,17.261341094970703,41496
2019-12-20,17.352456808297372,17.352456808297372,17.033558880157337,17.07911491394043,31674
2019-12-23,17.21578469614004,17.580139998071765,17.21578469614004,17.443470001220703,194656
2019-12-24,17.58013843818555,17.762265796676065,17.12467111024637,17.261341094970703,137595
2019-12-25,17.215783913624517,17.215783913624517,17.033557891845703,17.033557891845703,38220
2019-12-26,17.033557426371104,17.033557426371104,16.851430064975705,16.988100051879883,62246
2019-12-27,16.988100051879883,16.988100051879883,16.942544021984926,16.988100051879883,25164
2019-12-30,17.21578420408982,17.21578420408982,16.760316848754883,16.760316848754883,76440
2019-12-31,16.76031701327234,17.033558346436045,16.76031701327234,16.94254493713379,77532
2020-01-02,17.12467209271813,17.352456046066788,17.12467209271813,17.30689811706543,70980
2020-01-03,17.397912979125977,17.443469009747144,17.261341645448443,17.397912979125977,63336
2020-01-06,17.443470001220703,17.443470001220703,17.35245659021054,17.443470001220703,79934
2020-01-07,17.443469009747144,17.443469009747144,17.261341645448443,17.397912979125977,19710
2020-01-08,17.30689811706543,17.30689811706543,17.26134208528345,17.30689811706543,31668
2020-01-09,16.988099693230883,17.306897034800084,16.85142970921205,17.17022705078125,104832
2020-01-10,17.124671021848062,17.17022705078125,17.124671021848062,17.17022705078125,25116
2020-01-13,17.170227413275285,17.170227413275285,16.942544021984926,16.988100051879883,37134
2020-01-14,17.033557976085465,17.17022796740032,17.033557976085465,17.124671936035156,5460
2020-01-15,17.033557891845703,17.170227882484653,17.033557891845703,17.033557891845703,16380
2020-01-16,16.988099964229544,17.03355733848623,16.89698600769043,16.89698600769043,34992
2020-01-17,16.851429890142576,16.896985919564894,16.805871963500977,16.805871963500977,34949
2020-01-20,16.805871963500977,16.94254384620649,16.805871963500977,16.805871963500977,36036
2020-01-30,16.66920254709268,16.66920254709268,16.25939178466797,16.25939178466797,93912
2020-01-31,16.25939223766659,16.57818960242416,16.25939223766659,16.304847717285156,32923
2020-02-03,16.213834762573242,16.213834762573242,15.940494766993622,16.213834762573242,80008
2020-02-04,16.578188497213922,16.714759826660156,16.487074541575172,16.714759826660156,16494
2020-02-05,16.441518783569336,16.487074813530523,16.30484689924716,16.441518783569336,48048
2020-02-06,16.441518783569336,16.760316132332377,16.441518783569336,16.441518783569336,14197
2020-02-07,16.44151960846436,16.44151960846436,16.304847717285156,16.304847717285156,26208
2020-02-10,16.213833771216553,16.259391699173925,16.077163781783106,16.168277740478516,63803
2020-02-11,16.669202175190698,16.669202175190698,16.39596085638884,16.441518783569336,12055
2020-02-12,16.44151969116998,16.44151969116998,16.39596176147461,16.39596176147461,13104
2020-02-13,16.39596176147461,16.44151969116998,16.259392319456055,16.39596176147461,24540
2020-02-14,16.39596176147461,16.44151969116998,16.39596176147461,16.39596176147461,3276
2020-02-17,16.168277378689336,16.395960769098537,16.168277378689336,16.350404739379883,25116
2020-02-18,16.25939178466797,16.25939178466797,16.25939178466797,16.25939178466797,9828
2020-02-19,16.304847717285156,16.304847717285156,16.304847717285156,16.304847717285156,3462
2020-02-20,16.39596176147461,16.39596176147461,16.39596176147461,16.39596176147461,22932
2020-02-21,16.39596176147461,16.39596176147461,16.39596176147461,16.39596176147461,19656
2020-02-24,16.213834762573242,16.39596213847491,16.03160873125998,16.213834762573242,18565
2020-02-25,16.213833771216553,16.213833771216553,16.122719812521144,16.168277740478516,24052
2020-02-26,16.304847717285156,16.35040564675136,16.213834308200386,16.304847717285156,38220
2020-02-27,16.395961222194614,16.395961222194614,16.25939178466797,16.25939178466797,22933
2020-03-02,16.259391612710843,16.259391612710843,15.940493707582391,16.077163696289062,42589
2020-03-03,16.259392612715548,16.259392612715548,15.940494687973855,16.12272071838379,56785
2020-03-04,16.12272071838379,16.12272071838379,16.031608651788545,16.12272071838379,53632
2020-03-05,16.168277654499953,16.168277654499953,16.077163696289062,16.077163696289062,33852
2020-03-06,15.895036613017169,15.895036613017169,15.530681326367606,15.803922653198242,92820
2020-03-09,15.530681610107424,15.530681610107424,15.348454635750032,15.530681610107422,64428
2020-03-10,15.211784524548765,15.43956847788718,15.166327148176654,15.394011497497559,24024
2020-03-11,15.530681568632808,15.530681568632808,15.485124588012695,15.485124588012695,17472
2020-03-12,15.30289717940694,15.30289717940694,14.164276251353355,14.300947189331055,64981
2020-03-13,13.207883669683538,13.663351976504657,12.8890853566704,13.025655746459961,223860
2020-03-16,13.025655224860438,13.025655224860438,11.796020900072675,12.34250259399414,95004
2020-03-17,12.11481829511454,12.11481829511454,11.112868309020996,11.112868309020996,224952
2020-03-18,10.611843316970722,10.930641626690909,10.2474889755249,10.247488975524902,128856
2020-03-19,9.291054725646973,9.336601269178946,9.245508182115,9.291054725646973,162271
2020-03-20,9.199960678292145,9.70095653014376,9.108877077440305,9.336601257324219,279912
2020-03-23,9.199960894932481,9.199960894932481,8.744522959146108,8.881153106689453,52416
2020-03-24,8.881153020064055,9.154424695801296,8.881153020064055,9.072442054748535,42588
2020-03-25,9.928670963734584,9.928670963734584,9.79204080993523,9.837587356567383,70980
2020-03-26,10.475173539496733,10.475173539496733,9.837587341681395,9.883133888244629,39312
2020-03-27,10.475172806694374,10.839527130126953,10.475172806694374,10.839527130126953,122304
2020-03-30,10.83952744495057,11.887034416198732,10.83952744495057,11.88703441619873,162709
2020-03-31,12.43361651348602,12.797970842977781,12.29694652557373,12.29694652557373,159481
2020-04-01,11.88703470227899,12.251389993672342,11.659350352393439,12.2059326171875,54613
2020-04-06,12.570286747045014,12.570286747045014,11.659350154897506,11.978148460388184,33888
2020-04-07,12.296946809205396,12.296946809205396,11.932591522700047,12.02370548248291,49140
2020-04-08,12.114818493656092,12.114818493656092,11.659350195977561,12.02370548248291,62579
2020-04-09,11.841578233902096,12.160375595092773,11.841578233902096,12.160375595092773,37128
2020-04-10,12.615843480238963,12.615843480238963,12.205932171906554,12.29694652557373,46956
2020-04-13,12.615843480238963,12.66130085506549,12.114818214225254,12.29694652557373,110292
2020-04-14,12.433616723155284,12.570286713372253,12.388059743546401,12.524730682373047,30576
2020-04-15,12.524730363742526,12.752414703369142,12.524730363742526,12.75241470336914,66612
2020-04-16,12.479173465184973,12.843527793884276,12.342502528960276,12.843527793884277,48048
2020-04-17,12.980099795981015,13.34445414348417,12.934642418907362,13.116769790649414,80877
2020-04-20,13.116769790649416,13.116769790649416,12.934642418907362,13.116769790649414,26208
2020-04-21,12.661300827527672,12.980099126095066,12.296946498828367,12.843527793884277,49140
2020-04-22,12.023705723834054,13.207883669683538,12.023705723834054,13.025655746459961,50232
2020-04-23,12.79797077178955,13.162326047864255,12.433616444324498,12.79797077178955,65520
2020-04-24,12.706857724919235,12.797970733209398,12.661300746469328,12.75241470336914,8736
2020-04-27,12.752414785010801,12.843527793884276,12.570286474058447,12.843527793884277,50232
2020-04-28,12.980099911490043,13.663352184112618,12.843528571015648,13.253439903259277,171444
2020-04-29,13.617794665652543,13.845479011535645,13.298996360365924,13.845479011535645,252284
2020-04-30,14.118720293748197,14.118720293748197,13.617794623819064,13.799921989440918,175921
2020-05-04,13.708908003507121,13.708908003507121,13.025655741525085,13.61779499053955,128856
2020-05-05,13.799922439128416,13.799922439128416,13.39001111094973,13.708908081054688,109221
2020-05-06,13.754365574207506,14.93854353630471,13.572238201113139,14.574189186096191,135408
2020-05-07,14.118720220637126,14.392060199373184,13.70890756334407,14.300947189331055,136500
2020-05-08,14.30094768222246,14.984100341796873,14.07326333037053,14.984100341796875,289380
2020-05-11,14.984100499607774,15.257341835233502,14.938543518231922,15.166327476501465,102648
2020-05-12,15.075213146434761,15.48512446759064,14.984100134512783,15.348454475402832,82992
2020-05-13,14.892986289798332,15.485124588012695,14.892986289798332,15.485124588012695,172536
2020-05-14,15.120770167787033,15.43956847788718,15.029657155617482,15.394011497497559,211873
2020-05-15,15.166326986904235,15.439568313709225,14.574188697982294,15.211784362792969,234097
2020-05-18,14.801971940337488,15.120770252217728,14.801971940337488,14.892986297607422,21850
2020-05-19,15.348454808043485,15.348454808043485,14.938543478003767,15.120770454406738,17389
2020-05-20,14.938543478003767,15.394011789296655,14.892986496750597,15.120770454406738,30576
2020-05-21,14.938543401849744,15.029657363891602,14.756416030394622,15.029657363891602,58968
2020-05-22,15.029657399791969,15.07521343231201,14.66530210338282,15.075213432312012,108200
2020-05-25,14.84742864106974,14.892985619639868,14.57418827088181,14.619744300842285,101827
2020-05-26,14.801972196031597,14.847429573442778,14.574189186096191,14.574189186096191,40404
2020-05-27,14.938542768803329,14.938542768803329,14.801971435546877,14.801971435546875,32760
2020-05-28,14.801972196031597,14.847429573442778,13.754365574207506,14.574189186096191,162724
2020-05-29,14.392060242277822,14.483074597185762,14.073262887280672,14.346504211425781,61152
2020-06-01,14.34650397323281,14.710858301642348,13.799921730001934,14.665301322937012,173628
2020-06-02,14.710858425975793,14.801971435546877,14.574188437314335,14.801971435546875,29484
2020-06-03,14.801971266513144,14.938542598209995,14.392059960614832,14.619744300842285,151843
2020-06-04,14.847429316963423,14.892986297607422,14.710858927659183,14.892986297607422,28461
2020-06-05,14.892986297607422,14.938543278251423,14.847429316963423,14.892986297607422,21840
2020-06-08,14.892986173981118,15.394011455668663,14.892986173981118,15.348454475402832,111384
2020-06-09,15.394011131794295,15.576138496398926,15.120769808574947,15.576138496398926,92820
2020-06-10,15.667252784636734,15.667252784636734,15.34845447540283,15.348454475402832,28392
2020-06-11,15.211784565638583,15.439568519592285,14.847429274164625,15.439568519592285,87360
2020-06-12,14.984100459256938,15.12077045440674,14.892986496750597,15.120770454406738,25116
2020-06-15,14.801971981409263,14.984100300472559,14.756415949248552,14.938543319702148,15316
2020-06-16,14.938543236546325,15.029657197579956,14.847429275512695,14.847429275512695,28392
2020-06-17,15.302897867999642,15.348454849375493,14.938543518231922,15.166327476501465,25116
2020-06-18,15.029656995798353,15.21178436279297,14.847429076177605,15.211784362792969,39889
2020-06-19,15.029657480983625,15.166327476501467,14.938543518231922,15.166327476501465,24024
2020-06-22,14.984100015893166,15.21178436279297,14.984100015893166,15.211784362792969,21840
2020-06-23,15.120770006999047,15.21178436279297,15.07521302709386,15.211784362792969,17633
2020-06-24,15.21178436279297,15.21178436279297,15.07521302709386,15.211784362792969,13352
2020-06-29,15.029656995798353,15.21178436279297,14.801971700288869,15.211784362792969,24024
2020-06-30,15.211784853857651,15.439568812127195,15.029657480983625,15.166327476501465,16381
2020-07-01,15.166327476501467,15.166327476501467,14.892986536856071,15.166327476501465,27301
2020-07-02,14.984100300472559,15.120770294174088,14.938543319702148,14.938543319702148,27552
2020-07-03,14.938543236546325,14.938543236546325,14.847429275512695,14.847429275512695,32762
2020-07-06,14.847429316963423,14.892986297607422,14.801971940337488,14.892986297607422,34501
2020-07-07,14.84742935816133,14.938543319702148,14.801971981409263,14.938543319702148,37160
2020-07-08,15.166327274944498,15.166327274944498,14.84742935816133,14.938543319702148,62244
2020-07-09,14.984100300472559,14.984100300472559,14.84742935816133,14.938543319702148,68838
2020-07-10,14.892986456402724,15.07521343231201,14.847429475272977,15.075213432312012,67704
2020-07-13,15.302897373993664,15.302897373993664,14.984100015893166,15.211784362792969,40434
2020-07-14,15.211784404856536,15.257341384887695,15.0296570373583,15.257341384887695,28588
2020-07-15,15.029657399791969,15.166327394571505,15.029657399791969,15.075213432312012,29484
2020-07-16,15.120770006999047,15.257341342698158,15.029656995798353,15.211784362792969,82992
2020-07-17,15.029657239539423,15.029657239539423,14.892986297607422,14.892986297607422,34240
2020-07-20,14.892986297607422,14.892986297607422,14.892986297607422,14.892986297607422,3386
2020-07-21,14.89298633893174,14.984100300472559,14.84742935816133,14.938543319702148,51389
2020-07-22,15.075213229487078,15.075213229487078,14.847429275512695,14.847429275512695,26208
2020-07-23,14.938543236546325,14.938543236546325,14.756415867106545,14.847429275512695,9828
2020-07-24,14.801971397490046,14.938542730395364,14.756415367126465,14.756415367126465,28392
2020-07-27,14.710858301642348,14.710858301642348,14.300946994527475,14.665301322937012,88452
2020-07-28,14.346504291121033,14.61974466817433,14.300947311406253,14.437617301940918,15724
2020-07-29,14.483074677639665,14.574188637069227,14.392060322226138,14.437617301940918,25476
2020-07-30,14.483075053178343,14.984100341796873,14.483075053178343,14.984100341796875,154143
2020-07-31,14.97249984741211,15.476200103759766,14.468899726867676,15.384599685668945,163800
2020-08-03,15.56779956817627,15.750900268554688,15.10990047454834,15.247300148010254,76494
2020-08-04,15.247300148010254,15.247300148010254,15.01830005645752,15.01830005645752,14196
2020-08-05,14.880999565124512,15.01830005645752,14.880999565124512,14.97249984741211,19656
2020-08-06,14.97249984741211,15.01830005645752,14.97249984741211,15.01830005645752,7644
2020-08-07,14.880999565124512,14.880999565124512,14.743599891662598,14.835200309753418,44772
2020-08-10,14.835200309753418,14.835200309753418,14.743599891662598,14.743599891662598,16497
2020-08-11,14.697799682617188,14.9266996383667,14.697799682617188,14.9266996383667,25443
2020-08-12,14.9266996383667,14.9266996383667,14.697799682617188,14.697799682617188,19682
2020-08-13,14.697799682617188,14.743599891662598,14.697799682617188,14.743599891662598,24133
2020-08-14,14.835200309753418,14.880999565124512,14.743599891662598,14.880999565124512,42588
2020-08-17,15.155699729919434,15.155699729919434,15.01830005645752,15.10990047454834,37237
2020-08-18,15.384599685668945,15.384599685668945,14.789400100708008,14.835200309753418,23377
2020-08-19,15.201499938964844,15.247300148010254,14.9266996383667,15.10990047454834,39412
2020-08-20,15.201499938964844,15.201499938964844,14.560400009155273,15.06410026550293,55692
2020-08-21,14.835200309753418,15.10990047454834,14.743599891662598,14.97249984741211,37193
2020-08-24,14.97249984741211,14.97249984741211,14.697799682617188,14.743599891662598,16380
2020-08-25,14.239899635314941,15.522000312805176,14.239899635314941,15.522000312805176,135950
2020-08-26,15.522000312805176,15.522000312805176,15.10990047454834,15.10990047454834,56784
2020-08-27,15.10990047454834,15.10990047454834,14.97249984741211,14.97249984741211,40406
2020-08-28,15.10990047454834,15.155699729919434,14.743599891662598,14.97249984741211,62276
2020-08-31,15.293000221252441,15.384599685668945,15.155699729919434,15.293000221252441,148264
2020-09-01,15.01830005645752,15.06410026550293,14.9266996383667,14.9266996383667,38220
2020-09-02,14.9266996383667,15.10990047454834,14.9266996383667,14.9266996383667,40502
2020-09-03,14.97249984741211,15.06410026550293,14.9266996383667,14.9266996383667,48048
2020-09-04,14.97249984741211,14.97249984741211,14.697799682617188,14.789400100708008,84084
2020-09-07,14.789400100708008,14.835200309753418,14.743599891662598,14.835200309753418,32760
2020-09-08,14.789400100708008,14.97249984741211,14.789400100708008,14.880999565124512,12045
2020-09-09,14.789400100708008,14.789400100708008,14.697799682617188,14.789400100708008,24024
2020-09-10,14.789400100708008,14.789400100708008,14.606200218200684,14.652000427246094,65520
2020-09-11,14.652000427246094,14.743599891662598,14.606200218200684,14.652000427246094,43789
2020-09-14,14.9266996383667,15.10990047454834,14.697799682617188,14.743599891662598,32781
2020-09-15,14.9266996383667,14.9266996383667,14.835200309753418,14.880999565124512,79716
2020-09-16,14.835200309753418,14.97249984741211,14.835200309753418,14.97249984741211,30576
2020-09-17,15.01830005645752,15.01830005645752,14.880999565124512,14.9266996383667,28392
2020-09-18,14.9266996383667,15.01830005645752,14.9266996383667,15.01830005645752,22932
2020-09-21,15.01830005645752,15.01830005645752,14.97249984741211,15.01830005645752,26208
2020-09-22,14.880999565124512,14.97249984741211,14.835200309753418,14.835200309753418,10920
2020-09-23,14.835200309753418,14.835200309753418,14.789400100708008,14.789400100708008,42588
2020-09-24,14.743599891662598,14.880999565124512,14.377300262451172,14.880999565124512,66612
2020-09-25,14.9266996383667,14.9266996383667,14.514699935913086,14.514699935913086,50232
2020-09-28,14.835200309753418,14.835200309753418,14.377300262451172,14.652000427246094,19656
2020-09-29,14.652000427246094,14.652000427246094,14.423100471496582,14.606200218200684,33852
2020-09-30,14.468899726867676,14.652000427246094,14.423100471496582,14.652000427246094,8737
2020-10-05,14.697799682617188,14.697799682617188,14.514699935913086,14.560400009155273,24024
2020-10-06,14.468899726867676,14.652000427246094,14.377300262451172,14.560400009155273,40404
2020-10-07,14.514699935913086,14.835200309753418,14.514699935913086,14.789400100708008,25116
2020-10-08,14.97249984741211,14.97249984741211,14.423100471496582,14.652000427246094,54687
2020-10-12,14.606200218200684,14.606200218200684,14.514699935913086,14.606200218200684,18857
2020-10-13,14.468899726867676,14.606200218200684,14.423100471496582,14.606200218200684,34944
2020-10-14,14.697799682617188,14.697799682617188,14.423100471496582,14.606200218200684,38220
2020-10-15,14.560400009155273,14.606200218200684,14.423100471496582,14.606200218200684,14196
2020-10-16,14.606200218200684,14.652000427246094,14.514699935913086,14.652000427246094,33852
2020-10-19,14.652000427246094,14.789400100708008,14.652000427246094,14.743599891662598,26208
2020-10-20,14.514699935913086,14.560400009155273,14.514699935913086,14.560400009155273,12033
2020-10-21,14.560400009155273,14.743599891662598,14.560400009155273,14.743599891662598,45864
2020-10-22,14.743599891662598,14.743599891662598,14.652000427246094,14.743599891662598,8845
2020-10-23,14.697799682617188,14.743599891662598,14.652000427246094,14.743599891662598,9828
2020-10-26,14.743599891662598,14.835200309753418,14.743599891662598,14.789400100708008,21840
2020-10-27,14.514699935913086,14.743599891662598,14.514699935913086,14.743599891662598,15288
2020-10-28,14.652000427246094,14.697799682617188,14.560400009155273,14.697799682617188,19656
2020-10-29,14.560400009155273,14.697799682617188,14.468899726867676,14.652000427246094,30590
2020-10-30,14.652000427246094,14.652000427246094,14.514699935913086,14.560400009155273,21972
2020-11-02,14.560400009155273,15.56779956817627,14.560400009155273,15.430399894714355,305832
2020-11-03,15.61359977722168,15.61359977722168,14.9266996383667,15.155699729919434,81944
2020-11-04,15.293000221252441,15.293000221252441,14.97249984741211,15.293000221252441,148512
2020-11-05,15.293000221252441,15.293000221252441,15.155699729919434,15.155699729919434,67970
2020-11-06,15.350000381469727,16.5,15.149999618530273,16.5,230240
2020-11-09,15.850000381469727,16.299999237060547,15.699999809265137,16.299999237060547,44160
2020-11-10,16.450000762939453,17.899999618530273,16.350000381469727,16.350000381469727,461000
2020-11-11,16.399999618530273,16.399999618530273,16.049999237060547,16.100000381469727,92000
2020-11-12,16.049999237060547,16.049999237060547,15.600000381469727,15.800000190734863,46000
2020-11-13,15.800000190734863,16.100000381469727,15.800000190734863,16.0,25001
2020-11-16,16.100000381469727,16.149999618530273,16.0,16.100000381469727,46000
2020-11-17,16.100000381469727,16.149999618530273,16.0,16.100000381469727,26000
2020-11-18,16.049999237060547,16.200000762939453,16.0,16.100000381469727,50000
2020-11-19,16.25,16.25,15.949999809265137,15.949999809265137,58000
2020-11-20,15.949999809265137,15.949999809265137,15.800000190734863,15.850000381469727,39048
2020-11-23,15.850000381469727,16.0,15.850000381469727,16.0,17000
2020-11-24,16.0,16.0,15.899999618530273,15.899999618530273,27000
2020-11-25,16.0,16.200000762939453,15.899999618530273,16.149999618530273,59050
2020-11-26,16.200000762939453,16.799999237060547,16.100000381469727,16.700000762939453,134118
2020-11-27,16.75,16.799999237060547,16.25,16.5,45000
2020-11-30,16.549999237060547,16.549999237060547,16.25,16.299999237060547,35000
2020-12-01,16.350000381469727,16.600000381469727,16.299999237060547,16.399999618530273,61000
2020-12-02,16.5,16.549999237060547,16.299999237060547,16.549999237060547,63000
2020-12-03,16.549999237060547,16.899999618530273,16.5,16.5,123000
2020-12-04,16.549999237060547,16.950000762939453,16.450000762939453,16.600000381469727,56100
2020-12-07,17.0,17.0,16.649999618530273,16.700000762939453,18000
2020-12-08,16.799999237060547,17.049999237060547,16.799999237060547,16.799999237060547,58000
2020-12-09,16.799999237060547,16.799999237060547,16.5,16.549999237060547,16001
2020-12-10,16.600000381469727,16.799999237060547,16.549999237060547,16.600000381469727,12000
2020-12-11,16.299999237060547,17.0,16.25,17.0,37400
2020-12-14,17.0,17.100000381469727,16.399999618530273,16.899999618530273,31000
2020-12-15,17.200000762939453,17.200000762939453,16.75,16.799999237060547,59000
2020-12-16,17.0,17.100000381469727,16.899999618530273,16.950000762939453,56000
2020-12-17,16.850000381469727,16.850000381469727,16.700000762939453,16.850000381469727,14000
2020-12-18,16.899999618530273,17.25,16.899999618530273,17.200000762939453,168637
2020-12-21,17.5,17.75,17.200000762939453,17.649999618530273,212686
2020-12-22,17.600000381469727,17.600000381469727,17.299999237060547,17.5,129533
2020-12-23,17.399999618530273,17.5,17.0,17.450000762939453,90760
2020-12-24,17.549999237060547,17.549999237060547,17.299999237060547,17.399999618530273,26300
2020-12-25,17.399999618530273,17.399999618530273,16.899999618530273,17.200000762939453,79260
2020-12-28,17.350000381469727,17.600000381469727,17.350000381469727,17.600000381469727,180550
2020-12-29,17.600000381469727,17.899999618530273,17.399999618530273,17.649999618530273,89736
2020-12-30,17.799999237060547,18.0,17.200000762939453,17.700000762939453,80610
